label,step,mean_H,std_H,mean_q,mean_p,q_rms,p_rms
fp32,0,-0.89199,0.112989,0.000943434,-0.00261939,0.39933,0.250359
fp32,20,-0.89199,0.112989,0.000407652,-0.00272151,0.395287,0.25626
fp32,40,-0.89199,0.112989,-0.000138371,-0.00272156,0.383147,0.272937
fp32,60,-0.89199,0.112988,-0.000674211,-0.00262013,0.363954,0.296557
fp32,80,-0.891991,0.112988,-0.00117998,-0.00242194,0.339549,0.32271
fp32,100,-0.891991,0.112988,-0.00163711,-0.00213552,0.312701,0.347506
fp32,120,-0.891991,0.112988,-0.0020291,-0.00177271,0.2872,0.367908
fp32,140,-0.891991,0.112987,-0.00234208,-0.00134801,0.267677,0.381744
fp32,160,-0.891991,0.112987,-0.00256528,-0.000877801,0.258622,0.387663
fp32,180,-0.891991,0.112987,-0.00269134,-0.000379692,0.262469,0.385113
fp32,200,-0.891991,0.112987,-0.00271651,0.000128025,0.27813,0.374339
fp32,220,-0.891991,0.112988,-0.00264072,0.000626827,0.301687,0.356382
fp32,240,-0.891991,0.112988,-0.00246759,0.0010984,0.328382,0.333104
fp32,260,-0.891991,0.112988,-0.00220434,0.0015252,0.354034,0.307221
fp32,280,-0.89199,0.112989,-0.00186157,0.00189107,0.375477,0.282314
fp32,300,-0.89199,0.112989,-0.00145291,0.00218203,0.390531,0.262645
fp32,320,-0.89199,0.112989,-0.000994486,0.00238704,0.397872,0.252378
fp32,340,-0.89199,0.112989,-0.00050431,0.0024987,0.396921,0.254022
fp32,360,-0.89199,0.112989,-1.44037e-06,0.00251378,0.387792,0.267074
fp32,380,-0.89199,0.112989,0.000494847,0.00243345,0.371296,0.28833
fp32,400,-0.891991,0.112988,0.000965941,0.00226308,0.348985,0.313505
fp32,420,-0.891991,0.112988,0.00139468,0.00201158,0.323262,0.338573
fp32,440,-0.891991,0.112988,0.00176595,0.00169058,0.297482,0.36029
fp32,460,-0.891991,0.112987,0.00206717,0.00131344,0.275892,0.376266
fp32,480,-0.891991,0.112987,0.00228853,0.000894341,0.263008,0.384912
fp32,500,-0.891991,0.112987,0.00242308,0.000447842,0.262063,0.385414
fp32,520,-0.891991,0.112987,0.00246682,-1.12875e-05,0.273277,0.377727
fp32,540,-0.891991,0.112987,0.00241873,-0.000467796,0.293713,0.362587
fp32,560,-0.891991,0.112988,0.00228094,-0.000905677,0.318901,0.34154
fp32,580,-0.891991,0.112988,0.00205881,-0.00130833,0.344498,0.316971
fp32,600,-0.89199,0.112988,0.00176105,-0.00165931,0.367037,0.292123
fp32,620,-0.89199,0.112989,0.00139953,-0.00194356,0.384039,0.270976
fp32,640,-0.89199,0.112989,0.000988883,-0.00214878,0.393919,0.25769
fp32,660,-0.89199,0.112989,0.000545838,-0.00226656,0.395869,0.255322
fp32,680,-0.89199,0.112989,8.83383e-05,-0.0022931,0.389792,0.264356
fp32,700,-0.89199,0.112989,-0.000365394,-0.00222945,0.376276,0.282443
fp32,720,-0.891991,0.112989,-0.000797807,-0.00208117,0.35662,0.30567
fp32,740,-0.891991,0.112988,-0.00119284,-0.00185747,0.332899,0.330018
fp32,760,-0.891991,0.112988,-0.00153655,-0.00157001,0.308052,0.352111
fp32,780,-0.891991,0.112988,-0.00181746,-0.00123166,0.285859,0.369389
fp32,800,-0.891991,0.112987,-0.00202671,-0.000855631,0.270547,0.380088
fp32,820,-0.891991,0.112987,-0.00215807,-0.000454951,0.26564,0.383193
fp32,840,-0.891991,0.112987,-0.00220791,-4.25199e-05,0.272355,0.378429
fp32,860,-0.891991,0.112987,-0.00217517,0.000368595,0.288893,0.366267
fp32,880,-0.891991,0.112988,-0.00206146,0.000764799,0.311446,0.347951
fp32,900,-0.891991,0.112988,-0.00187119,0.00113185,0.335805,0.325521
fp32,920,-0.89199,0.112988,-0.00161163,0.00145518,0.358361,0.301832
fp32,940,-0.89199,0.112988,-0.00129296,0.00172072,0.37641,0.280469
fp32,960,-0.89199,0.112989,-0.000928007,0.00191613,0.388133,0.265352
fp32,980,-0.89199,0.112989,-0.000531786,0.00203224,0.392505,0.259744
fp32,1000,-0.89199,0.112989,-0.000120715,0.00206425,0.389218,0.264894
fp32,1020,-0.89199,0.112989,0.000288322,0.00201238,0.37865,0.279391
fp32,1040,-0.89199,0.112989,0.000678988,0.00188176,0.361861,0.299938
fp32,1060,-0.891991,0.112988,0.00103639,0.00168149,0.340639,0.32272
fp32,1080,-0.891991,0.112988,0.00134772,0.00142323,0.317548,0.344329
fp32,1100,-0.891991,0.112988,0.00160266,0.00111957,0.295915,0.362091
fp32,1120,-0.891991,0.112988,0.00179335,0.000782804,0.279553,0.374101
fp32,1140,-0.891991,0.112987,0.00191434,0.000424349,0.271924,0.379191
fp32,1160,-0.891991,0.112987,0.00196237,5.49924e-05,0.27481,0.376905
fp32,1180,-0.891991,0.112987,0.00193633,-0.000314374,0.287403,0.367499
fp32,1200,-0.891991,0.112987,0.0018374,-0.000671946,0.30673,0.35196
fp32,1220,-0.891991,0.112988,0.0016692,-0.00100466,0.328978,0.332024
fp32,1240,-0.891991,0.112988,0.00143811,-0.00129863,0.350596,0.310185
fp32,1260,-0.89199,0.112988,0.00115324,-0.00154021,0.368768,0.289619
fp32,1280,-0.89199,0.112988,0.000826311,-0.00171746,0.381512,0.273885
fp32,1300,-0.89199,0.112989,0.000471124,-0.00182166,0.387625,0.26616
fp32,1320,-0.89199,0.112989,0.000102816,-0.00184834,0.386619,0.268116
fp32,1340,-0.89199,0.112989,-0.000263073,-0.00179793,0.378681,0.279137
fp32,1360,-0.89199,0.112989,-0.000611566,-0.00167562,0.36466,0.296655
fp32,1380,-0.891991,0.112988,-0.000929141,-0.00149056,0.346083,0.317259
fp32,1400,-0.891991,0.112988,-0.00120439,-0.00125445,0.325188,0.337663
fp32,1420,-0.891991,0.112988,-0.00142836,-0.000979817,0.304888,0.355165
fp32,1440,-0.891991,0.112988,-0.00159455,-0.000678484,0.288563,0.367771
fp32,1460,-0.891991,0.112988,-0.00169866,-0.000360676,0.279424,0.374196
fp32,1480,-0.891991,0.112987,-0.0017383,-3.5051e-05,0.279475,0.37384
fp32,1500,-0.891991,0.112987,-0.00171269,0.000290409,0.288607,0.366788
fp32,1520,-0.891991,0.112987,-0.00162272,0.000607082,0.304653,0.353815
fp32,1540,-0.891991,0.112988,-0.00147113,0.000904619,0.324351,0.336399
fp32,1560,-0.891991,0.112988,-0.00126296,0.00117067,0.344374,0.31671
fp32,1580,-0.89199,0.112988,-0.00100586,0.00139168,0.361931,0.297543
fp32,1600,-0.89199,0.112988,-0.000710151,0.00155466,0.374956,0.28207
fp32,1620,-0.89199,0.112988,-0.000388549,0.00164923,0.382124,0.273246
fp32,1640,-0.89199,0.112989,-5.54122e-05,0.00166951,0.382804,0.272899
fp32,1660,-0.89199,0.112989,0.000274285,0.00161531,0.377022,0.280971
fp32,1680,-0.89199,0.112989,0.000586122,0.00149223,0.365446,0.295564
fp32,1700,-0.891991,0.112989,0.000867285,0.00131065,0.349383,0.313756
fp32,1720,-0.891991,0.112988,0.00110737,0.00108387,0.330787,0.332503
fp32,1740,-0.891991,0.112988,0.00129876,0.000825879,0.312214,0.349177
fp32,1760,-0.891991,0.112988,0.00143649,0.000549367,0.296637,0.361766
fp32,1780,-0.891991,0.112988,0.00151795,0.00026451,0.286951,0.368917
fp32,1800,-0.891991,0.112988,0.00154224,-2.12291e-05,0.285154,0.369929
fp32,1820,-0.891991,0.112988,0.00150977,-0.000302301,0.291559,0.364751
fp32,1840,-0.891991,0.112988,0.00142197,-0.000573597,0.304653,0.353989
fp32,1860,-0.891991,0.112988,0.00128139,-0.000828836,0.321743,0.338903
fp32,1880,-0.891991,0.112988,0.00109207,-0.00105947,0.33984,0.321394
fp32,1900,-0.89199,0.112988,0.00085997,-0.00125459,0.356281,0.303924
fp32,1920,-0.89199,0.112988,0.000593411,-0.00140198,0.369011,0.289295
fp32,1940,-0.89199,0.112988,0.000303124,-0.00149016,0.376642,0.28017
fp32,1960,-0.89199,0.112988,1.85843e-06,-0.00151075,0.378449,0.278349
fp32,1980,-0.89199,0.112989,-0.000296446,-0.00146049,0.374335,0.284104
fp32,2000,-0.89199,0.112989,-0.000577812,-0.00134236,0.364815,0.29609
