mechanism,type,s,kappa,seed,active_fraction,epsilon_max,mismatch_rate
pde,initiation,0.005,0.6,1,0.0,0.008416575402487888,
pde,initiation,0.005,0.6,2,0.0,0.009702181501909235,
pde,initiation,0.005,0.6,3,0.0,0.010289995741517795,
pde,initiation,0.015,0.6,1,0.0,0.013683435910058692,
pde,initiation,0.015,0.6,2,0.0,0.014962627027319512,
pde,initiation,0.015,0.6,3,0.0,0.015547516614807496,
pde,initiation,0.01,0.6,1,0.0,0.011052259629375802,
pde,initiation,0.01,0.6,2,0.0,0.012334652802463826,
pde,initiation,0.01,0.6,3,0.0,0.012921002240382843,
pde,initiation,0.025,0.6,1,0.0,0.01893231983305103,
pde,initiation,0.025,0.6,2,0.0,0.02020513926217744,
pde,initiation,0.025,0.6,3,0.0,0.020787123917011794,
pde,initiation,0.02,0.6,1,0.0,0.016310118058874334,
pde,initiation,0.02,0.6,2,0.0,0.01758611794375196,
pde,initiation,0.02,0.6,3,0.0,0.018169552610647274,
pde,initiation,0.03,0.6,1,0.0,0.021550054933003,
pde,initiation,0.03,0.6,2,0.0,0.02281970463644658,
pde,initiation,0.03,0.6,3,0.0,0.02340024416655831,
pde,initiation,0.04,0.6,1,0.0,0.026772179629579018,
pde,initiation,0.04,0.6,2,0.0,0.028035521886840057,
pde,initiation,0.04,0.6,3,0.0,0.028613185745307752,
pde,initiation,0.0,0.6,1,0.0,0.007380099676876925,
pde,initiation,0.0,0.6,2,0.0,0.007891236777399818,
pde,initiation,0.0,0.6,3,0.0,0.008171288811833408,
pde,initiation,0.1,0.6,1,1.0,0.10879024057005891,
pde,initiation,0.1,0.6,2,1.0,0.10921712398515805,
pde,initiation,0.1,0.6,3,1.0,0.10944988572395244,
pde,initiation,0.2,0.6,1,1.0,0.19845313440522455,
pde,initiation,0.2,0.6,2,1.0,0.19881433150479566,
pde,initiation,0.2,0.6,3,1.0,0.1990102814477893,
pde,initiation,0.3,0.6,1,1.0,0.2786726042605256,
pde,initiation,0.3,0.6,2,1.0,0.27898171823482454,
pde,initiation,0.3,0.6,3,1.0,0.2791485281672718,
pde,initiation,0.4,0.6,1,1.0,0.351178148240302,
pde,initiation,0.4,0.6,2,1.0,0.3514453553558408,
pde,initiation,0.4,0.6,3,1.0,0.35158876017008844,
pde,initiation,0.5,0.6,1,1.0,0.41729389239770626,
pde,initiation,0.5,0.6,2,1.0,0.41752694454097744,
pde,initiation,0.5,0.6,3,1.0,0.417651309403555,
pde,persistence,0.0,0.0,42,0.1953125,0.0628005419217728,
pde,persistence,0.0,0.0,43,0.1953125,0.0628005419217728,
pde,persistence,0.0,0.0,44,0.1953125,0.0628005419217728,
pde,persistence,0.0,0.2,42,0.2421875,0.07294451615838497,
pde,persistence,0.0,0.2,43,0.2421875,0.07294451615838497,
pde,persistence,0.0,0.2,44,0.2421875,0.07294451615838497,
pde,persistence,0.0,0.4,42,0.2734375,0.08373239802390196,
pde,persistence,0.0,0.4,43,0.2734375,0.08373239802390196,
pde,persistence,0.0,0.4,44,0.2734375,0.08373239802390196,
pde,persistence,0.0,0.6,42,0.3046875,0.09517017225211585,
pde,persistence,0.0,0.6,43,0.3046875,0.09517017225211585,
pde,persistence,0.0,0.6,44,0.3046875,0.09517017225211585,
pde,persistence,0.0,0.8,42,0.3359375,0.10726328785917116,
pde,persistence,0.0,0.8,43,0.3359375,0.10726328785917116,
pde,persistence,0.0,0.8,44,0.3359375,0.10726328785917116,
pde,persistence,0.0,1.0,42,0.3515625,0.12001683272276646,
pde,persistence,0.0,1.0,43,0.3515625,0.12001683272276646,
pde,persistence,0.0,1.0,44,0.3515625,0.12001683272276646,
agent,initiation,,0.05,1,0.5033078765238574,,0.02
agent,initiation,,0.05,2,0.4272349204193985,,0.02
agent,initiation,,0.05,3,0.508846114862128,,0.02
agent,initiation,,0.05,1,0.1477704571249615,,0.04
agent,initiation,,0.05,2,0.32763359242458256,,0.04
agent,initiation,,0.05,3,0.10316920821745823,,0.04
agent,initiation,,0.05,1,0.16516829280189685,,0.06
agent,initiation,,0.05,2,0.157505278839307,,0.06
agent,initiation,,0.05,3,0.1597396939325136,,0.06
agent,initiation,,0.05,1,0.06812855402198749,,0.08
agent,initiation,,0.05,2,0.09469574785584972,,0.08
agent,initiation,,0.05,3,0.11942859706162781,,0.08
agent,initiation,,0.05,1,0.5941745481333415,,0.0
agent,initiation,,0.05,2,0.9397046483740455,,0.0
agent,initiation,,0.05,3,0.8808947796974952,,0.0
agent,initiation,,0.05,1,0.05979545029855005,,0.1
agent,initiation,,0.05,2,0.19272398435901458,,0.1
agent,initiation,,0.05,3,0.0549656220825163,,0.1
agent,persistence,,0.01,1,0.007331245278000813,,0.02
agent,persistence,,0.01,2,0.1159818356534362,,0.02
agent,persistence,,0.01,3,0.17758872850344892,,0.02
agent,persistence,,0.02,1,0.225859670474611,,0.02
agent,persistence,,0.02,2,0.3135094159120654,,0.02
agent,persistence,,0.02,3,0.022509654637006823,,0.02
agent,persistence,,0.05,1,0.39712053373320705,,0.02
agent,persistence,,0.05,2,0.45362279545190604,,0.02
agent,persistence,,0.05,3,0.4956122494638884,,0.02
agent,persistence,,0.0,1,0.08391961203436643,,0.02
agent,persistence,,0.0,2,0.06296954751691397,,0.02
agent,persistence,,0.0,3,0.07567410187453472,,0.02
agent,persistence,,0.1,1,0.5694932033999214,,0.02
agent,persistence,,0.1,2,0.45839919727446277,,0.02
agent,persistence,,0.1,3,0.30611527708997693,,0.02
agent,persistence,,0.2,1,0.7872452959642405,,0.02
agent,persistence,,0.2,2,0.6942395004095001,,0.02
agent,persistence,,0.2,3,0.8170342042190873,,0.02
