order_parameter,local_coherence_mean,step,time
0.01625401918627217,0.4033222197338315,0,0.0
0.01730567344408118,0.4204170219138743,10,0.1
0.018368132033239046,0.4374047402920969,20,0.2
0.019437095385380913,0.45414185611694186,30,0.3
0.020510988890589898,0.4705103669920645,40,0.4
0.021590152088777265,0.4864220254536731,50,0.5
0.022675397984832507,0.5017962042617111,60,0.6
0.023766622067325435,0.5165856445920577,70,0.7000000000000001
0.02486200518647198,0.5307690637501292,80,0.8
0.025957976989809416,0.544328479697097,90,0.9
0.027049739526499413,0.5572650362114063,100,1.0
0.028131986239232003,0.5695994863842765,110,1.1
0.029199506106953023,0.5813598937103485,120,1.2
0.030247527087297978,0.5925794602355929,130,1.3
0.03127181785171693,0.6032930789390911,140,1.4000000000000001
0.032268672975455284,0.6135238692073323,150,1.5
0.033234921887545024,0.6232925299615395,160,1.6
0.03416802890828746,0.6326204559930256,170,1.7
0.03506625228827325,0.6415367923375985,180,1.8
0.03592877900688505,0.6500579416985119,190,1.9000000000000001
0.03675576798033522,0.6582022576983311,200,2.0
0.03754828034332791,0.6659866315840923,210,2.1
0.03830811214085668,0.6734328650493308,220,2.2
0.03903756117597079,0.6805652648538638,230,2.3000000000000003
0.03973916491595005,0.6874006347896364,240,2.4
0.04041545036041638,0.6939558321350993,250,2.5
0.04106873776064951,0.700247802995679,260,2.6
0.041701026076493876,0.706288254507591,270,2.7
0.042313956450167986,0.712088780392813,280,2.8000000000000003
0.04290881996013723,0.7176606157719034,290,2.9
0.04348657123793034,0.7230167562341439,300,3.0
0.04404783162279068,0.7281677333707687,310,3.1
0.04459289276605333,0.7331202242736893,320,3.2
0.045121742854755086,0.7378872947126052,330,3.3000000000000003
0.04563412929122165,0.7424748346547594,340,3.4
0.0461296540773505,0.7468913252089484,350,3.5
0.04660788346969908,0.7511437199755527,360,3.6
0.04706844840721856,0.7552391041723951,370,3.7
0.04751111705223245,0.7591865624840853,380,3.8000000000000003
0.047935831229582115,0.7629947423916634,390,3.9
0.04834270891378374,0.7666719954086813,400,4.0
0.048732021394844116,0.7702230574089092,410,4.1
0.04910415564706957,0.7736537423547912,420,4.2
0.049459571063868724,0.7769681171120566,430,4.3
0.04979875692071561,0.7801717548079918,440,4.4
0.05012219420939284,0.7832694657007322,450,4.5
0.05043032388939635,0.7862652759945897,460,4.6000000000000005
0.05072352354866282,0.7891634265001549,470,4.7
0.05100209556988916,0.7919678040711726,480,4.8
0.05126627097045468,0.794683099452597,490,4.9
0.051516232568344505,0.7973116556719418,500,5.0
0.051752157938250526,0.7998558625399419,510,5.1000000000000005
0.05197427695738918,0.8023186317089595,520,5.2
0.05218293236188827,0.8047027217539918,530,5.3
0.05237862751205062,0.8070107256268307,540,5.4
0.052562046357298234,0.8092451400755126,550,5.5
0.052734037688406954,0.8114084207918922,560,5.6000000000000005
0.05289556740764748,0.8135030215786433,570,5.7
0.05304765371866213,0.8155314361429372,580,5.8
0.053191304931337016,0.8174962392621915,590,5.9
0.05332747542799388,0.8194001260863235,600,6.0
0.05345704534152912,0.821247179963392,610,6.1000000000000005
0.05358081990106622,0.8230403021204488,620,6.2
0.05369953965382657,0.8247806647998792,630,6.3
0.053813893113426166,0.8264705723157986,640,6.4
0.05392452635083735,0.828112308389912,650,6.5
0.054032047150903456,0.8297080636470486,660,6.6000000000000005
0.054137023441387516,0.8312598886213971,670,6.7
0.054239976753048744,0.8327696775309665,680,6.8
0.05434137194476106,0.8342391706442062,690,6.9
0.05444160473797661,0.8356706859347234,700,7.0
0.0545409889167076,0.8370658300327257,710,7.1000000000000005
0.05463974530403611,0.8384251883726731,720,7.2
0.05473799465841288,0.8397511552451611,730,7.3
0.054835756299613465,0.84104525608946,740,7.4
0.05493295353966231,0.8423068144802001,750,7.5
0.05502942595969377,0.8435362954016881,760,7.6000000000000005
0.05512494746464979,0.8447343865191855,770,7.7
0.05521924815626052,0.8459017640490125,780,7.8
0.055312037639817166,0.8470390730163874,790,7.9
0.055403027493564766,0.8481469337289004,800,8.0
0.055491951114368186,0.8492259571654226,810,8.1
0.055578579700703616,0.8502767641608799,820,8.2
0.055662733510030836,0.8513000022612861,830,8.3
0.05574428774203108,0.8522963567560266,840,8.4
0.05582317266794642,0.8532665554418293,850,8.5
0.05589936814815602,0.8542113676642014,860,8.6
0.055972893429340316,0.8551315984522029,870,8.700000000000001
0.05604379383410603,0.8560280790039929,880,8.8
0.05611212635348011,0.8569016557887055,890,8.9
0.05617794608898278,0.8577538272124282,900,9.0
0.05624129504486512,0.8585857174852548,910,9.1
0.0563021941491081,0.8593972176000859,920,9.200000000000001
0.05636063878910032,0.8601891046018554,930,9.3
0.05641659770782591,0.8609621152486198,940,9.4
0.05647001484700516,0.861716937367637,950,9.5
0.05652081360509211,0.8624542059495954,960,9.6
0.05656890293156042,0.8631745032836702,970,9.700000000000001
0.0566141846428246,0.8638783635486587,980,9.8
0.05665656129139227,0.8645662816671443,990,9.9
0.056695943864695376,0.8652387254028048,1000,10.0
0.056732258583270356,0.8658961489325344,1010,10.1
0.056765452161748275,0.8665390057307959,1020,10.200000000000001
0.0567954951081531,0.8671677587383336,1030,10.3
0.05682238293067547,0.8677828864320242,1040,10.4
0.056846135418494995,0.8683848843549776,1050,10.5
0.05686679438391477,0.8689742626065239,1060,10.6
0.05688442035223885,0.8695515404762526,1070,10.700000000000001
0.05689908866822459,0.8701172396951948,1080,10.8
0.05691088539423194,0.8706718776461537,1090,10.9
0.056919903255925476,0.8712159614109416,1100,11.0
0.056926237786257945,0.871749982932897,1110,11.1
0.0569299837485777,0.8722744150811237,1120,11.200000000000001
0.05693123189007566,0.8727897081717801,1130,11.3
0.056930066082542426,0.8732962865181042,1140,11.4
0.056926560938552605,0.8737945447055896,1150,11.5
0.05692078003435596,0.8742848433230392,1160,11.6
0.05691277490866904,0.8747675035766126,1170,11.700000000000001
0.05690258501748178,0.8752427994166077,1180,11.8
0.05689023878470342,0.8757109452559562,1190,11.9
0.05687575577721653,0.8761720797623153,1200,12.0
0.056859149847873776,0.8766262530398872,1210,12.1
0.056840432859795315,0.8770734280023087,1220,12.200000000000001
0.05681961839732997,0.87751349811684,1230,12.3
0.05679672477654274,0.8779463133737386,1240,12.4
0.05677177677079074,0.8783717069067658,1250,12.5
0.056744805776787144,0.8787895198131853,1260,12.6
0.056715848574109856,0.8791996233691894,1270,12.700000000000001
0.05668494521035604,0.8796019370266226,1280,12.8
0.05665213671721905,0.8799964401810881,1290,12.9
0.05661746327260381,0.8803831764822396,1300,13.0
0.05658096314452254,0.8807622508840334,1310,13.1
0.05654267243379439,0.8811338209686679,1320,13.200000000000001
0.0565026254064698,0.881498084844038,1330,13.3
0.05646085512569068,0.8818552679965156,1340,13.4
0.05641739413025919,0.882205611037143,1350,13.5
0.05637227500122165,0.88254935957511,1360,13.6
0.056325530752441136,0.8828867567294152,1370,13.700000000000001
0.056277195046927644,0.8832180382111473,1380,13.8
0.056227302272726085,0.8835434295522809,1390,13.9
0.05617588751902019,0.8838631449219212,1400,14.0
0.056122986486578874,0.8841773869996583,1410,14.1
0.056068635356083765,0.8844863474877067,1420,14.200000000000001
0.056012870628618754,0.884790207971262,1430,14.3
0.05595572894676125,0.8850891409424269,1440,14.4
0.05589724690236307,0.885383310876454,1450,14.5
0.05583746083737145,0.8856728752939507,1460,14.6
0.05577640664578807,0.8859579857673824,1470,14.700000000000001
0.05571411958704804,0.8862387888414731,1480,14.8
0.05565063412288135,0.8865154268380647,1490,14.9
0.055585983790473824,0.8867880385049275,1500,15.0
0.05552020112403732,0.8870567594371976,1510,15.1
0.05545331763442154,0.8873217221370651,1520,15.200000000000001
0.055385363851940504,0.8875830554785574,1530,15.3
0.05531636943100392,0.8878408832602039,1540,15.4
0.05524636330641343,0.8880953216271776,1550,15.5
0.05517537388052242,0.8883464756442397,1560,15.6
0.055103429208550964,0.8885944360598438,1570,15.700000000000001
0.055030557137664304,0.8888392775241301,1580,15.8
0.05495678534650283,0.8890810586740366,1590,15.9
0.054882141229345746,0.8893198234407238,1600,16.0
0.05480665157725387,0.8895556028168902,1610,16.1
0.05473034203088912,0.8897884169367161,1620,16.2
0.0546532363169538,0.8900182777818576,1630,16.3
0.05457535532810464,0.890245192799074,1640,16.4
0.05449671615482828,0.8904691693911656,1650,16.5
0.0544173312134331,0.8906902198782338,1660,16.6
0.05433720762457283,0.890908366273229,1670,16.7
0.0542563469764979,0.8911236441415135,1680,16.8
0.05417474556255151,0.8913361049225655,1690,16.9
0.054092395128826354,0.891545816331228,1700,17.0
0.05400928412358654,0.8917528607385921,1710,17.1
0.05392539941732397,0.8919573316714492,1720,17.2
0.053840728461578946,0.8921593287125872,1730,17.3
0.05375526186359785,0.892358951132073,1740,17.400000000000002
0.05366899635105998,0.8925562905770792,1750,17.5
0.05358193806184253,0.8927514231634199,1760,17.6
0.053494105997743555,0.8929444014126315,1770,17.7
0.053405535321997884,0.8931352467023859,1780,17.8
0.05331627997941942,0.8933239432244529,1790,17.900000000000002
0.05322641393697725,0.8935104347641311,1800,18.0
0.053136030286192126,0.8936946257260133,1810,18.1
0.05304523763640109,0.8938763874936408,1820,18.2
0.05295415372582912,0.8940555702830776,1830,18.3
0.052862896912824496,0.8942320192563766,1840,18.400000000000002
0.05277157693550897,0.8944055922625761,1850,18.5
0.05268028670818506,0.8945761758143546,1860,18.6
0.05258909672568268,0.8947436962427342,1870,18.7
0.0524980529172558,0.8949081243341185,1880,18.8
0.05240717784661676,0.8950694735534628,1890,18.900000000000002
0.05231647438958023,0.8952277934412665,1900,19.0
0.05222593068089295,0.8953831604601848,1910,19.1
0.05213552520908642,0.8955356684388461,1920,19.2
0.05204523128329867,0.8956854201269205,1930,19.3
0.0519550204971027,0.8958325206184645,1940,19.400000000000002
0.05186486513514995,0.8959770727839481,1950,19.5
0.051774739660890204,0.8961191744730699,1960,19.6
0.051684621501584656,0.8962589170896926,1970,19.7
0.0515944913489424,0.8963963851264749,1980,19.8
0.05150433315791581,0.8965316563087888,1990,19.900000000000002
